sample_id,dataset_id,source_id,video_id,sequence_id,frame_index,timestamp_sec,image_path,width,height,class_ids,class_names,bbox_count,bbox_metadata,selection_reason,source_reference
S0001,DS-SVANSTROM,IR_HELICOPTER_018,IR_HELICOPTER_018,IR_HELICOPTER_018,93,3.100000,frames/sample_0001.jpg,320,256,3,Helicopter,1,"{""x"":174.239,""y"":131.690,""w"":19.578,""h"":15.397,""label_file"":""Data/Video_IR/IR_HELICOPTER_018_LABELS.mat""}",stratified class=HELICOPTER; modality=IR; unique source video; valid non-edge trajectory frame,https://github.com/DroneDetectionThesis/Drone-detection-dataset
S0002,DS-SVANSTROM,IR_DRONE_008,IR_DRONE_008,IR_DRONE_008,77,2.566667,frames/sample_0002.jpg,320,256,2,Drone,1,"{""x"":141.540,""y"":50.387,""w"":21.257,""h"":14.267,""label_file"":""Data/Video_IR/IR_DRONE_008_LABELS.mat""}",stratified class=DRONE; modality=IR; unique source video; valid non-edge trajectory frame,https://github.com/DroneDetectionThesis/Drone-detection-dataset
S0003,DS-SVANSTROM,V_DRONE_051,V_DRONE_051,V_DRONE_051,62,2.066667,frames/sample_0003.jpg,640,512,2,Drone,1,"{""x"":461.000,""y"":234.000,""w"":29.000,""h"":19.000,""label_file"":""Data/Video_V/V_DRONE_051_LABELS.mat""}",stratified class=DRONE; modality=V; unique source video; valid non-edge trajectory frame,https://github.com/DroneDetectionThesis/Drone-detection-dataset
S0004,DS-SVANSTROM,V_DRONE_064,V_DRONE_064,V_DRONE_064,158,5.266667,frames/sample_0004.jpg,640,512,2,Drone,1,"{""x"":251.706,""y"":157.992,""w"":33.856,""h"":19.989,""label_file"":""Data/Video_V/V_DRONE_064_LABELS.mat""}",stratified class=DRONE; modality=V; unique source video; valid non-edge trajectory frame,https://github.com/DroneDetectionThesis/Drone-detection-dataset
S0005,DS-SVANSTROM,V_BIRD_003,V_BIRD_003,V_BIRD_003,109,3.633333,frames/sample_0005.jpg,640,512,1,Bird,1,"{""x"":580.600,""y"":156.500,""w"":30.500,""h"":32.300,""label_file"":""Data/Video_V/V_BIRD_003_LABELS.mat""}",stratified class=BIRD; modality=V; unique source video; valid non-edge trajectory frame,https://github.com/DroneDetectionThesis/Drone-detection-dataset
S0006,DS-SVANSTROM,V_BIRD_043,V_BIRD_043,V_BIRD_043,137,4.566667,frames/sample_0006.jpg,640,512,1,Bird,1,"{""x"":319.000,""y"":335.000,""w"":28.000,""h"":28.000,""label_file"":""Data/Video_V/V_BIRD_043_LABELS.mat""}",stratified class=BIRD; modality=V; unique source video; valid non-edge trajectory frame,https://github.com/DroneDetectionThesis/Drone-detection-dataset
S0007,DS-SVANSTROM,V_HELICOPTER_019,V_HELICOPTER_019,V_HELICOPTER_019,236,7.866667,frames/sample_0007.jpg,640,512,3,Helicopter,1,"{""x"":132.585,""y"":153.954,""w"":113.777,""h"":145.914,""label_file"":""Data/Video_V/V_HELICOPTER_019_LABELS.mat""}",stratified class=HELICOPTER; modality=V; unique source video; valid non-edge trajectory frame,https://github.com/DroneDetectionThesis/Drone-detection-dataset
S0008,DS-SVANSTROM,IR_BIRD_008,IR_BIRD_008,IR_BIRD_008,219,7.300000,frames/sample_0008.jpg,320,256,1,Bird,1,"{""x"":247.707,""y"":98.018,""w"":20.352,""h"":19.391,""label_file"":""Data/Video_IR/IR_BIRD_008_LABELS.mat""}",stratified class=BIRD; modality=IR; unique source video; valid non-edge trajectory frame,https://github.com/DroneDetectionThesis/Drone-detection-dataset
S0009,DS-SVANSTROM,IR_DRONE_014,IR_DRONE_014,IR_DRONE_014,171,5.700000,frames/sample_0009.jpg,320,256,2,Drone,1,"{""x"":194.865,""y"":93.102,""w"":14.217,""h"":11.756,""label_file"":""Data/Video_IR/IR_DRONE_014_LABELS.mat""}",stratified class=DRONE; modality=IR; unique source video; valid non-edge trajectory frame,https://github.com/DroneDetectionThesis/Drone-detection-dataset
S0010,DS-SVANSTROM,IR_DRONE_033,IR_DRONE_033,IR_DRONE_033,231,7.700000,frames/sample_0010.jpg,320,256,2,Drone,1,"{""x"":280.522,""y"":82.411,""w"":17.239,""h"":12.172,""label_file"":""Data/Video_IR/IR_DRONE_033_LABELS.mat""}",stratified class=DRONE; modality=IR; unique source video; valid non-edge trajectory frame,https://github.com/DroneDetectionThesis/Drone-detection-dataset
S0011,DS-SVANSTROM,IR_HELICOPTER_052,IR_HELICOPTER_052,IR_HELICOPTER_052,200,6.666667,frames/sample_0011.jpg,320,256,3,Helicopter,1,"{""x"":153.593,""y"":157.790,""w"":22.210,""h"":14.790,""label_file"":""Data/Video_IR/IR_HELICOPTER_052_LABELS.mat""}",stratified class=HELICOPTER; modality=IR; unique source video; valid non-edge trajectory frame,https://github.com/DroneDetectionThesis/Drone-detection-dataset
S0012,DS-SVANSTROM,IR_HELICOPTER_032,IR_HELICOPTER_032,IR_HELICOPTER_032,166,5.533333,frames/sample_0012.jpg,320,256,3,Helicopter,1,"{""x"":147.000,""y"":171.000,""w"":16.000,""h"":10.000,""label_file"":""Data/Video_IR/IR_HELICOPTER_032_LABELS.mat""}",stratified class=HELICOPTER; modality=IR; unique source video; valid non-edge trajectory frame,https://github.com/DroneDetectionThesis/Drone-detection-dataset
S0013,DS-SVANSTROM,V_BIRD_022,V_BIRD_022,V_BIRD_022,164,5.466667,frames/sample_0013.jpg,640,512,1,Bird,1,"{""x"":79.529,""y"":162.006,""w"":26.464,""h"":29.248,""label_file"":""Data/Video_V/V_BIRD_022_LABELS.mat""}",stratified class=BIRD; modality=V; unique source video; valid non-edge trajectory frame,https://github.com/DroneDetectionThesis/Drone-detection-dataset
S0014,DS-SVANSTROM,V_HELICOPTER_030,V_HELICOPTER_030,V_HELICOPTER_030,142,4.733333,frames/sample_0014.jpg,640,512,3,Helicopter,1,"{""x"":281.718,""y"":114.605,""w"":168.837,""h"":118.751,""label_file"":""Data/Video_V/V_HELICOPTER_030_LABELS.mat""}",stratified class=HELICOPTER; modality=V; unique source video; valid non-edge trajectory frame,https://github.com/DroneDetectionThesis/Drone-detection-dataset
S0015,DS-SVANSTROM,V_DRONE_070,V_DRONE_070,V_DRONE_070,170,5.666667,frames/sample_0015.jpg,640,512,2,Drone,1,"{""x"":228.634,""y"":235.105,""w"":26.816,""h"":22.185,""label_file"":""Data/Video_V/V_DRONE_070_LABELS.mat""}",stratified class=DRONE; modality=V; unique source video; valid non-edge trajectory frame,https://github.com/DroneDetectionThesis/Drone-detection-dataset
S0016,DS-SVANSTROM,V_BIRD_020,V_BIRD_020,V_BIRD_020,96,3.200000,frames/sample_0016.jpg,640,512,1,Bird,1,"{""x"":328.312,""y"":273.025,""w"":29.470,""h"":26.320,""label_file"":""Data/Video_V/V_BIRD_020_LABELS.mat""}",stratified class=BIRD; modality=V; unique source video; valid non-edge trajectory frame,https://github.com/DroneDetectionThesis/Drone-detection-dataset
S0017,DS-SVANSTROM,V_BIRD_044,V_BIRD_044,V_BIRD_044,72,2.400000,frames/sample_0017.jpg,640,512,1,Bird,1,"{""x"":343.258,""y"":217.161,""w"":26.581,""h"":27.419,""label_file"":""Data/Video_V/V_BIRD_044_LABELS.mat""}",stratified class=BIRD; modality=V; unique source video; valid non-edge trajectory frame,https://github.com/DroneDetectionThesis/Drone-detection-dataset
S0018,DS-SVANSTROM,V_BIRD_041,V_BIRD_041,V_BIRD_041,73,2.433333,frames/sample_0018.jpg,640,512,1,Bird,1,"{""x"":440.600,""y"":298.400,""w"":27.400,""h"":24.800,""label_file"":""Data/Video_V/V_BIRD_041_LABELS.mat""}",stratified class=BIRD; modality=V; unique source video; valid non-edge trajectory frame,https://github.com/DroneDetectionThesis/Drone-detection-dataset
S0019,DS-SVANSTROM,IR_BIRD_043,IR_BIRD_043,IR_BIRD_043,119,3.966667,frames/sample_0019.jpg,320,256,1,Bird,1,"{""x"":206.571,""y"":105.857,""w"":17.238,""h"":15.000,""label_file"":""Data/Video_IR/IR_BIRD_043_LABELS.mat""}",stratified class=BIRD; modality=IR; unique source video; valid non-edge trajectory frame,https://github.com/DroneDetectionThesis/Drone-detection-dataset
S0020,DS-SVANSTROM,V_AIRPLANE_024,V_AIRPLANE_024,V_AIRPLANE_024,190,6.333333,frames/sample_0020.jpg,640,512,0,Airplane,1,"{""x"":251.491,""y"":225.018,""w"":55.127,""h"":51.309,""label_file"":""Data/Video_V/V_AIRPLANE_024_LABELS.mat""}",stratified class=AIRPLANE; modality=V; unique source video; valid non-edge trajectory frame,https://github.com/DroneDetectionThesis/Drone-detection-dataset
S0021,DS-SVANSTROM,V_BIRD_006,V_BIRD_006,V_BIRD_006,95,3.166667,frames/sample_0021.jpg,640,512,1,Bird,1,"{""x"":350.818,""y"":320.909,""w"":27.364,""h"":23.364,""label_file"":""Data/Video_V/V_BIRD_006_LABELS.mat""}",stratified class=BIRD; modality=V; unique source video; valid non-edge trajectory frame,https://github.com/DroneDetectionThesis/Drone-detection-dataset
S0022,DS-SVANSTROM,V_DRONE_067,V_DRONE_067,V_DRONE_067,158,5.266667,frames/sample_0022.jpg,640,512,2,Drone,1,"{""x"":222.840,""y"":135.801,""w"":31.833,""h"":32.803,""label_file"":""Data/Video_V/V_DRONE_067_LABELS.mat""}",stratified class=DRONE; modality=V; unique source video; valid non-edge trajectory frame,https://github.com/DroneDetectionThesis/Drone-detection-dataset
S0023,DS-SVANSTROM,V_HELICOPTER_043,V_HELICOPTER_043,V_HELICOPTER_043,77,2.566667,frames/sample_0023.jpg,640,512,3,Helicopter,1,"{""x"":228.750,""y"":182.121,""w"":49.434,""h"":33.468,""label_file"":""Data/Video_V/V_HELICOPTER_043_LABELS.mat""}",stratified class=HELICOPTER; modality=V; unique source video; valid non-edge trajectory frame,https://github.com/DroneDetectionThesis/Drone-detection-dataset
S0024,DS-SVANSTROM,IR_HELICOPTER_016,IR_HELICOPTER_016,IR_HELICOPTER_016,220,7.333333,frames/sample_0024.jpg,320,256,3,Helicopter,1,"{""x"":166.029,""y"":138.902,""w"":13.679,""h"":12.728,""label_file"":""Data/Video_IR/IR_HELICOPTER_016_LABELS.mat""}",stratified class=HELICOPTER; modality=IR; unique source video; valid non-edge trajectory frame,https://github.com/DroneDetectionThesis/Drone-detection-dataset
S0025,DS-SVANSTROM,IR_DRONE_077,IR_DRONE_077,IR_DRONE_077,132,4.400000,frames/sample_0025.jpg,320,256,2,Drone,1,"{""x"":140.796,""y"":133.732,""w"":16.397,""h"":9.885,""label_file"":""Data/Video_IR/IR_DRONE_077_LABELS.mat""}",stratified class=DRONE; modality=IR; unique source video; valid non-edge trajectory frame,https://github.com/DroneDetectionThesis/Drone-detection-dataset
S0026,DS-SVANSTROM,IR_DRONE_100,IR_DRONE_100,IR_DRONE_100,191,6.366667,frames/sample_0026.jpg,320,256,2,Drone,1,"{""x"":107.669,""y"":51.523,""w"":24.118,""h"":12.062,""label_file"":""Data/Video_IR/IR_DRONE_100_LABELS.mat""}",stratified class=DRONE; modality=IR; unique source video; valid non-edge trajectory frame,https://github.com/DroneDetectionThesis/Drone-detection-dataset
S0027,DS-SVANSTROM,V_DRONE_058,V_DRONE_058,V_DRONE_058,89,2.966667,frames/sample_0027.jpg,640,512,2,Drone,1,"{""x"":411.225,""y"":119.239,""w"":27.898,""h"":19.810,""label_file"":""Data/Video_V/V_DRONE_058_LABELS.mat""}",stratified class=DRONE; modality=V; unique source video; valid non-edge trajectory frame,https://github.com/DroneDetectionThesis/Drone-detection-dataset
S0028,DS-SVANSTROM,V_DRONE_072,V_DRONE_072,V_DRONE_072,215,7.166667,frames/sample_0028.jpg,640,512,2,Drone,1,"{""x"":270.701,""y"":113.550,""w"":61.764,""h"":34.853,""label_file"":""Data/Video_V/V_DRONE_072_LABELS.mat""}",stratified class=DRONE; modality=V; unique source video; valid non-edge trajectory frame,https://github.com/DroneDetectionThesis/Drone-detection-dataset
S0029,DS-SVANSTROM,V_DRONE_013,V_DRONE_013,V_DRONE_013,214,7.133333,frames/sample_0029.jpg,640,512,2,Drone,1,"{""x"":497.795,""y"":195.984,""w"":81.903,""h"":60.804,""label_file"":""Data/Video_V/V_DRONE_013_LABELS.mat""}",stratified class=DRONE; modality=V; unique source video; valid non-edge trajectory frame,https://github.com/DroneDetectionThesis/Drone-detection-dataset
S0030,DS-SVANSTROM,IR_HELICOPTER_033,IR_HELICOPTER_033,IR_HELICOPTER_033,205,6.833333,frames/sample_0030.jpg,320,256,3,Helicopter,1,"{""x"":194.910,""y"":152.584,""w"":21.943,""h"":19.557,""label_file"":""Data/Video_IR/IR_HELICOPTER_033_LABELS.mat""}",stratified class=HELICOPTER; modality=IR; unique source video; valid non-edge trajectory frame,https://github.com/DroneDetectionThesis/Drone-detection-dataset
S0031,DS-SVANSTROM,IR_DRONE_028,IR_DRONE_028,IR_DRONE_028,131,4.366667,frames/sample_0031.jpg,320,256,2,Drone,1,"{""x"":211.882,""y"":123.747,""w"":18.705,""h"":12.662,""label_file"":""Data/Video_IR/IR_DRONE_028_LABELS.mat""}",stratified class=DRONE; modality=IR; unique source video; valid non-edge trajectory frame,https://github.com/DroneDetectionThesis/Drone-detection-dataset
S0032,DS-SVANSTROM,IR_AIRPLANE_038,IR_AIRPLANE_038,IR_AIRPLANE_038,152,5.066667,frames/sample_0032.jpg,320,256,0,Airplane,1,"{""x"":122.838,""y"":74.892,""w"":23.000,""h"":20.000,""label_file"":""Data/Video_IR/IR_AIRPLANE_038_LABELS.mat""}",stratified class=AIRPLANE; modality=IR; unique source video; valid non-edge trajectory frame,https://github.com/DroneDetectionThesis/Drone-detection-dataset
S0033,DS-SVANSTROM,IR_BIRD_047,IR_BIRD_047,IR_BIRD_047,98,3.266667,frames/sample_0033.jpg,320,256,1,Bird,1,"{""x"":158.405,""y"":162.000,""w"":14.190,""h"":13.000,""label_file"":""Data/Video_IR/IR_BIRD_047_LABELS.mat""}",stratified class=BIRD; modality=IR; unique source video; valid non-edge trajectory frame,https://github.com/DroneDetectionThesis/Drone-detection-dataset
S0034,DS-SVANSTROM,V_DRONE_090,V_DRONE_090,V_DRONE_090,221,7.366667,frames/sample_0034.jpg,640,512,2,Drone,1,"{""x"":416.625,""y"":109.079,""w"":65.679,""h"":46.252,""label_file"":""Data/Video_V/V_DRONE_090_LABELS.mat""}",stratified class=DRONE; modality=V; unique source video; valid non-edge trajectory frame,https://github.com/DroneDetectionThesis/Drone-detection-dataset
S0035,DS-SVANSTROM,V_AIRPLANE_043,V_AIRPLANE_043,V_AIRPLANE_043,131,4.366667,frames/sample_0035.jpg,640,512,0,Airplane,1,"{""x"":326.750,""y"":207.940,""w"":53.042,""h"":32.084,""label_file"":""Data/Video_V/V_AIRPLANE_043_LABELS.mat""}",stratified class=AIRPLANE; modality=V; unique source video; valid non-edge trajectory frame,https://github.com/DroneDetectionThesis/Drone-detection-dataset
S0036,DS-SVANSTROM,IR_AIRPLANE_058,IR_AIRPLANE_058,IR_AIRPLANE_058,210,7.000000,frames/sample_0036.jpg,320,256,0,Airplane,1,"{""x"":116.113,""y"":160.413,""w"":9.353,""h"":7.707,""label_file"":""Data/Video_IR/IR_AIRPLANE_058_LABELS.mat""}",stratified class=AIRPLANE; modality=IR; unique source video; valid non-edge trajectory frame,https://github.com/DroneDetectionThesis/Drone-detection-dataset
S0037,DS-SVANSTROM,IR_AIRPLANE_037,IR_AIRPLANE_037,IR_AIRPLANE_037,211,7.033333,frames/sample_0037.jpg,320,256,0,Airplane,1,"{""x"":113.415,""y"":82.146,""w"":17.585,""h"":15.463,""label_file"":""Data/Video_IR/IR_AIRPLANE_037_LABELS.mat""}",stratified class=AIRPLANE; modality=IR; unique source video; valid non-edge trajectory frame,https://github.com/DroneDetectionThesis/Drone-detection-dataset
S0038,DS-SVANSTROM,V_AIRPLANE_020,V_AIRPLANE_020,V_AIRPLANE_020,212,7.066667,frames/sample_0038.jpg,640,512,0,Airplane,1,"{""x"":142.873,""y"":173.055,""w"":31.291,""h"":27.727,""label_file"":""Data/Video_V/V_AIRPLANE_020_LABELS.mat""}",stratified class=AIRPLANE; modality=V; unique source video; valid non-edge trajectory frame,https://github.com/DroneDetectionThesis/Drone-detection-dataset
S0039,DS-SVANSTROM,V_AIRPLANE_042,V_AIRPLANE_042,V_AIRPLANE_042,189,6.300000,frames/sample_0039.jpg,640,512,0,Airplane,1,"{""x"":213.636,""y"":109.091,""w"":149.636,""h"":173.091,""label_file"":""Data/Video_V/V_AIRPLANE_042_LABELS.mat""}",stratified class=AIRPLANE; modality=V; unique source video; valid non-edge trajectory frame,https://github.com/DroneDetectionThesis/Drone-detection-dataset
S0040,DS-SVANSTROM,IR_DRONE_126,IR_DRONE_126,IR_DRONE_126,84,2.800000,frames/sample_0040.jpg,320,256,2,Drone,1,"{""x"":257.299,""y"":116.173,""w"":17.624,""h"":13.974,""label_file"":""Data/Video_IR/IR_DRONE_126_LABELS.mat""}",stratified class=DRONE; modality=IR; unique source video; valid non-edge trajectory frame,https://github.com/DroneDetectionThesis/Drone-detection-dataset
S0041,DS-SVANSTROM,IR_DRONE_135,IR_DRONE_135,IR_DRONE_135,237,7.900000,frames/sample_0041.jpg,320,256,2,Drone,1,"{""x"":271.626,""y"":116.698,""w"":10.382,""h"":8.886,""label_file"":""Data/Video_IR/IR_DRONE_135_LABELS.mat""}",stratified class=DRONE; modality=IR; unique source video; valid non-edge trajectory frame,https://github.com/DroneDetectionThesis/Drone-detection-dataset
S0042,DS-SVANSTROM,V_AIRPLANE_008,V_AIRPLANE_008,V_AIRPLANE_008,204,6.800000,frames/sample_0042.jpg,640,512,0,Airplane,1,"{""x"":310.942,""y"":247.475,""w"":68.628,""h"":49.985,""label_file"":""Data/Video_V/V_AIRPLANE_008_LABELS.mat""}",stratified class=AIRPLANE; modality=V; unique source video; valid non-edge trajectory frame,https://github.com/DroneDetectionThesis/Drone-detection-dataset
S0043,DS-SVANSTROM,IR_DRONE_005,IR_DRONE_005,IR_DRONE_005,70,2.333333,frames/sample_0043.jpg,320,256,2,Drone,1,"{""x"":155.037,""y"":37.683,""w"":19.424,""h"":12.746,""label_file"":""Data/Video_IR/IR_DRONE_005_LABELS.mat""}",stratified class=DRONE; modality=IR; unique source video; valid non-edge trajectory frame,https://github.com/DroneDetectionThesis/Drone-detection-dataset
S0044,DS-SVANSTROM,V_HELICOPTER_057,V_HELICOPTER_057,V_HELICOPTER_057,253,8.433333,frames/sample_0044.jpg,640,512,3,Helicopter,1,"{""x"":374.367,""y"":330.000,""w"":29.430,""h"":26.772,""label_file"":""Data/Video_V/V_HELICOPTER_057_LABELS.mat""}",stratified class=HELICOPTER; modality=V; unique source video; valid non-edge trajectory frame,https://github.com/DroneDetectionThesis/Drone-detection-dataset
S0045,DS-SVANSTROM,IR_AIRPLANE_050,IR_AIRPLANE_050,IR_AIRPLANE_050,156,5.200000,frames/sample_0045.jpg,320,256,0,Airplane,1,"{""x"":172.803,""y"":121.032,""w"":12.000,""h"":12.975,""label_file"":""Data/Video_IR/IR_AIRPLANE_050_LABELS.mat""}",stratified class=AIRPLANE; modality=IR; unique source video; valid non-edge trajectory frame,https://github.com/DroneDetectionThesis/Drone-detection-dataset
S0046,DS-SVANSTROM,IR_BIRD_029,IR_BIRD_029,IR_BIRD_029,165,5.500000,frames/sample_0046.jpg,320,256,1,Bird,1,"{""x"":110.140,""y"":77.027,""w"":17.183,""h"":14.368,""label_file"":""Data/Video_IR/IR_BIRD_029_LABELS.mat""}",stratified class=BIRD; modality=IR; unique source video; valid non-edge trajectory frame,https://github.com/DroneDetectionThesis/Drone-detection-dataset
S0047,DS-SVANSTROM,V_HELICOPTER_049,V_HELICOPTER_049,V_HELICOPTER_049,173,5.766667,frames/sample_0047.jpg,640,512,3,Helicopter,1,"{""x"":172.167,""y"":190.083,""w"":212.167,""h"":132.750,""label_file"":""Data/Video_V/V_HELICOPTER_049_LABELS.mat""}",stratified class=HELICOPTER; modality=V; unique source video; valid non-edge trajectory frame,https://github.com/DroneDetectionThesis/Drone-detection-dataset
S0048,DS-SVANSTROM,IR_HELICOPTER_028,IR_HELICOPTER_028,IR_HELICOPTER_028,68,2.266667,frames/sample_0048.jpg,320,256,3,Helicopter,1,"{""x"":127.412,""y"":106.467,""w"":29.954,""h"":23.020,""label_file"":""Data/Video_IR/IR_HELICOPTER_028_LABELS.mat""}",stratified class=HELICOPTER; modality=IR; unique source video; valid non-edge trajectory frame,https://github.com/DroneDetectionThesis/Drone-detection-dataset
S0049,DS-SVANSTROM,V_DRONE_103,V_DRONE_103,V_DRONE_103,230,7.666667,frames/sample_0049.jpg,640,512,2,Drone,1,"{""x"":468.733,""y"":98.467,""w"":29.133,""h"":30.800,""label_file"":""Data/Video_V/V_DRONE_103_LABELS.mat""}",stratified class=DRONE; modality=V; unique source video; valid non-edge trajectory frame,https://github.com/DroneDetectionThesis/Drone-detection-dataset
S0050,DS-SVANSTROM,V_BIRD_048,V_BIRD_048,V_BIRD_048,181,6.033333,frames/sample_0050.jpg,640,512,1,Bird,1,"{""x"":270.000,""y"":21.500,""w"":37.500,""h"":52.250,""label_file"":""Data/Video_V/V_BIRD_048_LABELS.mat""}",stratified class=BIRD; modality=V; unique source video; valid non-edge trajectory frame,https://github.com/DroneDetectionThesis/Drone-detection-dataset
S0051,DS-SVANSTROM,V_AIRPLANE_012,V_AIRPLANE_012,V_AIRPLANE_012,80,2.666667,frames/sample_0051.jpg,640,512,0,Airplane,1,"{""x"":394.698,""y"":337.988,""w"":65.585,""h"":35.144,""label_file"":""Data/Video_V/V_AIRPLANE_012_LABELS.mat""}",stratified class=AIRPLANE; modality=V; unique source video; valid non-edge trajectory frame,https://github.com/DroneDetectionThesis/Drone-detection-dataset
S0052,DS-SVANSTROM,V_BIRD_025,V_BIRD_025,V_BIRD_025,170,5.666667,frames/sample_0052.jpg,640,512,1,Bird,1,"{""x"":111.737,""y"":213.579,""w"":28.842,""h"":27.211,""label_file"":""Data/Video_V/V_BIRD_025_LABELS.mat""}",stratified class=BIRD; modality=V; unique source video; valid non-edge trajectory frame,https://github.com/DroneDetectionThesis/Drone-detection-dataset
S0053,DS-SVANSTROM,IR_DRONE_133,IR_DRONE_133,IR_DRONE_133,226,7.533333,frames/sample_0053.jpg,320,256,2,Drone,1,"{""x"":241.047,""y"":71.024,""w"":15.260,""h"":12.474,""label_file"":""Data/Video_IR/IR_DRONE_133_LABELS.mat""}",stratified class=DRONE; modality=IR; unique source video; valid non-edge trajectory frame,https://github.com/DroneDetectionThesis/Drone-detection-dataset
S0054,DS-SVANSTROM,IR_DRONE_002,IR_DRONE_002,IR_DRONE_002,131,4.366667,frames/sample_0054.jpg,320,256,2,Drone,1,"{""x"":247.265,""y"":112.839,""w"":29.126,""h"":13.279,""label_file"":""Data/Video_IR/IR_DRONE_002_LABELS.mat""}",stratified class=DRONE; modality=IR; unique source video; valid non-edge trajectory frame,https://github.com/DroneDetectionThesis/Drone-detection-dataset
S0055,DS-SVANSTROM,V_DRONE_088,V_DRONE_088,V_DRONE_088,152,5.066667,frames/sample_0055.jpg,640,512,2,Drone,1,"{""x"":453.887,""y"":195.684,""w"":28.772,""h"":23.356,""label_file"":""Data/Video_V/V_DRONE_088_LABELS.mat""}",stratified class=DRONE; modality=V; unique source video; valid non-edge trajectory frame,https://github.com/DroneDetectionThesis/Drone-detection-dataset
S0056,DS-SVANSTROM,V_HELICOPTER_027,V_HELICOPTER_027,V_HELICOPTER_027,236,7.866667,frames/sample_0056.jpg,640,512,3,Helicopter,1,"{""x"":174.458,""y"":231.270,""w"":206.853,""h"":179.963,""label_file"":""Data/Video_V/V_HELICOPTER_027_LABELS.mat""}",stratified class=HELICOPTER; modality=V; unique source video; valid non-edge trajectory frame,https://github.com/DroneDetectionThesis/Drone-detection-dataset
S0057,DS-SVANSTROM,V_DRONE_048,V_DRONE_048,V_DRONE_048,130,4.333333,frames/sample_0057.jpg,640,512,2,Drone,1,"{""x"":288.066,""y"":164.132,""w"":45.830,""h"":33.879,""label_file"":""Data/Video_V/V_DRONE_048_LABELS.mat""}",stratified class=DRONE; modality=V; unique source video; valid non-edge trajectory frame,https://github.com/DroneDetectionThesis/Drone-detection-dataset
S0058,DS-SVANSTROM,V_DRONE_076,V_DRONE_076,V_DRONE_076,127,4.233333,frames/sample_0058.jpg,640,512,2,Drone,1,"{""x"":263.668,""y"":167.929,""w"":39.054,""h"":31.018,""label_file"":""Data/Video_V/V_DRONE_076_LABELS.mat""}",stratified class=DRONE; modality=V; unique source video; valid non-edge trajectory frame,https://github.com/DroneDetectionThesis/Drone-detection-dataset
S0059,DS-SVANSTROM,IR_DRONE_058,IR_DRONE_058,IR_DRONE_058,230,7.666667,frames/sample_0059.jpg,320,256,2,Drone,1,"{""x"":175.317,""y"":80.027,""w"":15.565,""h"":8.796,""label_file"":""Data/Video_IR/IR_DRONE_058_LABELS.mat""}",stratified class=DRONE; modality=IR; unique source video; valid non-edge trajectory frame,https://github.com/DroneDetectionThesis/Drone-detection-dataset
S0060,DS-SVANSTROM,IR_AIRPLANE_045,IR_AIRPLANE_045,IR_AIRPLANE_045,147,4.900000,frames/sample_0060.jpg,320,256,0,Airplane,1,"{""x"":213.316,""y"":116.568,""w"":9.863,""h"":10.000,""label_file"":""Data/Video_IR/IR_AIRPLANE_045_LABELS.mat""}",stratified class=AIRPLANE; modality=IR; unique source video; valid non-edge trajectory frame,https://github.com/DroneDetectionThesis/Drone-detection-dataset
S0061,DS-SVANSTROM,V_DRONE_092,V_DRONE_092,V_DRONE_092,77,2.566667,frames/sample_0061.jpg,640,512,2,Drone,1,"{""x"":418.362,""y"":108.038,""w"":46.309,""h"":28.286,""label_file"":""Data/Video_V/V_DRONE_092_LABELS.mat""}",stratified class=DRONE; modality=V; unique source video; valid non-edge trajectory frame,https://github.com/DroneDetectionThesis/Drone-detection-dataset
S0062,DS-SVANSTROM,V_BIRD_047,V_BIRD_047,V_BIRD_047,62,2.066667,frames/sample_0062.jpg,640,512,1,Bird,1,"{""x"":101.000,""y"":269.600,""w"":29.200,""h"":22.000,""label_file"":""Data/Video_V/V_BIRD_047_LABELS.mat""}",stratified class=BIRD; modality=V; unique source video; valid non-edge trajectory frame,https://github.com/DroneDetectionThesis/Drone-detection-dataset
S0063,DS-SVANSTROM,V_DRONE_018,V_DRONE_018,V_DRONE_018,151,5.033333,frames/sample_0063.jpg,640,512,2,Drone,1,"{""x"":545.063,""y"":350.340,""w"":32.810,""h"":21.044,""label_file"":""Data/Video_V/V_DRONE_018_LABELS.mat""}",stratified class=DRONE; modality=V; unique source video; valid non-edge trajectory frame,https://github.com/DroneDetectionThesis/Drone-detection-dataset
S0064,DS-SVANSTROM,V_HELICOPTER_048,V_HELICOPTER_048,V_HELICOPTER_048,206,6.866667,frames/sample_0064.jpg,640,512,3,Helicopter,1,"{""x"":235.000,""y"":198.333,""w"":148.833,""h"":96.250,""label_file"":""Data/Video_V/V_HELICOPTER_048_LABELS.mat""}",stratified class=HELICOPTER; modality=V; unique source video; valid non-edge trajectory frame,https://github.com/DroneDetectionThesis/Drone-detection-dataset
S0065,DS-SVANSTROM,IR_BIRD_049,IR_BIRD_049,IR_BIRD_049,198,6.600000,frames/sample_0065.jpg,320,256,1,Bird,1,"{""x"":142.500,""y"":42.000,""w"":14.500,""h"":11.500,""label_file"":""Data/Video_IR/IR_BIRD_049_LABELS.mat""}",stratified class=BIRD; modality=IR; unique source video; valid non-edge trajectory frame,https://github.com/DroneDetectionThesis/Drone-detection-dataset
S0066,DS-SVANSTROM,V_DRONE_049,V_DRONE_049,V_DRONE_049,200,6.666667,frames/sample_0066.jpg,640,512,2,Drone,1,"{""x"":360.728,""y"":173.494,""w"":37.610,""h"":28.090,""label_file"":""Data/Video_V/V_DRONE_049_LABELS.mat""}",stratified class=DRONE; modality=V; unique source video; valid non-edge trajectory frame,https://github.com/DroneDetectionThesis/Drone-detection-dataset
S0067,DS-SVANSTROM,IR_DRONE_131,IR_DRONE_131,IR_DRONE_131,71,2.366667,frames/sample_0067.jpg,320,256,2,Drone,1,"{""x"":240.978,""y"":108.788,""w"":18.064,""h"":12.076,""label_file"":""Data/Video_IR/IR_DRONE_131_LABELS.mat""}",stratified class=DRONE; modality=IR; unique source video; valid non-edge trajectory frame,https://github.com/DroneDetectionThesis/Drone-detection-dataset
S0068,DS-SVANSTROM,V_DRONE_015,V_DRONE_015,V_DRONE_015,204,6.800000,frames/sample_0068.jpg,640,512,2,Drone,1,"{""x"":369.805,""y"":191.920,""w"":37.976,""h"":30.370,""label_file"":""Data/Video_V/V_DRONE_015_LABELS.mat""}",stratified class=DRONE; modality=V; unique source video; valid non-edge trajectory frame,https://github.com/DroneDetectionThesis/Drone-detection-dataset
S0069,DS-SVANSTROM,IR_DRONE_060,IR_DRONE_060,IR_DRONE_060,106,3.533333,frames/sample_0069.jpg,320,256,2,Drone,1,"{""x"":217.701,""y"":125.817,""w"":15.156,""h"":11.259,""label_file"":""Data/Video_IR/IR_DRONE_060_LABELS.mat""}",stratified class=DRONE; modality=IR; unique source video; valid non-edge trajectory frame,https://github.com/DroneDetectionThesis/Drone-detection-dataset
S0070,DS-SVANSTROM,V_DRONE_096,V_DRONE_096,V_DRONE_096,132,4.400000,frames/sample_0070.jpg,640,512,2,Drone,1,"{""x"":283.849,""y"":339.201,""w"":54.306,""h"":29.747,""label_file"":""Data/Video_V/V_DRONE_096_LABELS.mat""}",stratified class=DRONE; modality=V; unique source video; valid non-edge trajectory frame,https://github.com/DroneDetectionThesis/Drone-detection-dataset
S0071,DS-SVANSTROM,IR_DRONE_074,IR_DRONE_074,IR_DRONE_074,200,6.666667,frames/sample_0071.jpg,320,256,2,Drone,1,"{""x"":76.467,""y"":147.949,""w"":26.267,""h"":13.308,""label_file"":""Data/Video_IR/IR_DRONE_074_LABELS.mat""}",stratified class=DRONE; modality=IR; unique source video; valid non-edge trajectory frame,https://github.com/DroneDetectionThesis/Drone-detection-dataset
S0072,DS-SVANSTROM,IR_DRONE_154,IR_DRONE_154,IR_DRONE_154,185,6.166667,frames/sample_0072.jpg,320,256,2,Drone,1,"{""x"":115.000,""y"":140.000,""w"":9.000,""h"":8.000,""label_file"":""Data/Video_IR/IR_DRONE_154_LABELS.mat""}",stratified class=DRONE; modality=IR; unique source video; valid non-edge trajectory frame,https://github.com/DroneDetectionThesis/Drone-detection-dataset
S0073,DS-SVANSTROM,IR_DRONE_122,IR_DRONE_122,IR_DRONE_122,73,2.433333,frames/sample_0073.jpg,320,256,2,Drone,1,"{""x"":226.632,""y"":47.001,""w"":20.013,""h"":13.036,""label_file"":""Data/Video_IR/IR_DRONE_122_LABELS.mat""}",stratified class=DRONE; modality=IR; unique source video; valid non-edge trajectory frame,https://github.com/DroneDetectionThesis/Drone-detection-dataset
S0074,DS-SVANSTROM,IR_HELICOPTER_041,IR_HELICOPTER_041,IR_HELICOPTER_041,90,3.000000,frames/sample_0074.jpg,320,256,3,Helicopter,1,"{""x"":240.150,""y"":157.772,""w"":34.160,""h"":22.653,""label_file"":""Data/Video_IR/IR_HELICOPTER_041_LABELS.mat""}",stratified class=HELICOPTER; modality=IR; unique source video; valid non-edge trajectory frame,https://github.com/DroneDetectionThesis/Drone-detection-dataset
S0075,DS-SVANSTROM,V_DRONE_030,V_DRONE_030,V_DRONE_030,145,4.833333,frames/sample_0075.jpg,640,512,2,Drone,1,"{""x"":414.000,""y"":318.000,""w"":25.000,""h"":22.000,""label_file"":""Data/Video_V/V_DRONE_030_LABELS.mat""}",stratified class=DRONE; modality=V; unique source video; valid non-edge trajectory frame,https://github.com/DroneDetectionThesis/Drone-detection-dataset
S0076,DS-SVANSTROM,IR_DRONE_078,IR_DRONE_078,IR_DRONE_078,142,4.733333,frames/sample_0076.jpg,320,256,2,Drone,1,"{""x"":167.839,""y"":26.795,""w"":13.420,""h"":11.517,""label_file"":""Data/Video_IR/IR_DRONE_078_LABELS.mat""}",stratified class=DRONE; modality=IR; unique source video; valid non-edge trajectory frame,https://github.com/DroneDetectionThesis/Drone-detection-dataset
S0077,DS-SVANSTROM,V_DRONE_084,V_DRONE_084,V_DRONE_084,196,6.533333,frames/sample_0077.jpg,640,512,2,Drone,1,"{""x"":445.672,""y"":311.754,""w"":35.024,""h"":30.234,""label_file"":""Data/Video_V/V_DRONE_084_LABELS.mat""}",stratified class=DRONE; modality=V; unique source video; valid non-edge trajectory frame,https://github.com/DroneDetectionThesis/Drone-detection-dataset
S0078,DS-SVANSTROM,IR_DRONE_088,IR_DRONE_088,IR_DRONE_088,125,4.166667,frames/sample_0078.jpg,320,256,2,Drone,1,"{""x"":96.689,""y"":27.707,""w"":16.298,""h"":8.970,""label_file"":""Data/Video_IR/IR_DRONE_088_LABELS.mat""}",stratified class=DRONE; modality=IR; unique source video; valid non-edge trajectory frame,https://github.com/DroneDetectionThesis/Drone-detection-dataset
S0079,DS-SVANSTROM,IR_BIRD_025,IR_BIRD_025,IR_BIRD_025,144,4.800000,frames/sample_0079.jpg,320,256,1,Bird,1,"{""x"":163.929,""y"":19.279,""w"":24.246,""h"":17.362,""label_file"":""Data/Video_IR/IR_BIRD_025_LABELS.mat""}",stratified class=BIRD; modality=IR; unique source video; valid non-edge trajectory frame,https://github.com/DroneDetectionThesis/Drone-detection-dataset
S0080,DS-SVANSTROM,IR_DRONE_037,IR_DRONE_037,IR_DRONE_037,108,3.600000,frames/sample_0080.jpg,320,256,2,Drone,1,"{""x"":204.328,""y"":27.021,""w"":14.261,""h"":12.479,""label_file"":""Data/Video_IR/IR_DRONE_037_LABELS.mat""}",stratified class=DRONE; modality=IR; unique source video; valid non-edge trajectory frame,https://github.com/DroneDetectionThesis/Drone-detection-dataset
S0081,DS-SVANSTROM,IR_BIRD_027,IR_BIRD_027,IR_BIRD_027,24,0.800000,frames/sample_0081.jpg,320,256,1,Bird,1,"{""x"":138.040,""y"":91.997,""w"":20.871,""h"":17.827,""label_file"":""Data/Video_IR/IR_BIRD_027_LABELS.mat""}",stratified class=BIRD; modality=IR; unique source video; valid non-edge trajectory frame,https://github.com/DroneDetectionThesis/Drone-detection-dataset
S0082,DS-SVANSTROM,V_DRONE_040,V_DRONE_040,V_DRONE_040,80,2.666667,frames/sample_0082.jpg,640,512,2,Drone,1,"{""x"":462.000,""y"":438.000,""w"":57.000,""h"":39.000,""label_file"":""Data/Video_V/V_DRONE_040_LABELS.mat""}",stratified class=DRONE; modality=V; unique source video; valid non-edge trajectory frame,https://github.com/DroneDetectionThesis/Drone-detection-dataset
S0083,DS-SVANSTROM,IR_AIRPLANE_017,IR_AIRPLANE_017,IR_AIRPLANE_017,201,6.700000,frames/sample_0083.jpg,320,256,0,Airplane,1,"{""x"":202.593,""y"":161.118,""w"":20.762,""h"":12.883,""label_file"":""Data/Video_IR/IR_AIRPLANE_017_LABELS.mat""}",stratified class=AIRPLANE; modality=IR; unique source video; valid non-edge trajectory frame,https://github.com/DroneDetectionThesis/Drone-detection-dataset
S0084,DS-SVANSTROM,IR_DRONE_097,IR_DRONE_097,IR_DRONE_097,126,4.200000,frames/sample_0084.jpg,320,256,2,Drone,1,"{""x"":162.535,""y"":125.436,""w"":15.952,""h"":13.186,""label_file"":""Data/Video_IR/IR_DRONE_097_LABELS.mat""}",stratified class=DRONE; modality=IR; unique source video; valid non-edge trajectory frame,https://github.com/DroneDetectionThesis/Drone-detection-dataset
S0085,DS-SVANSTROM,V_DRONE_002,V_DRONE_002,V_DRONE_002,86,2.866667,frames/sample_0085.jpg,640,512,2,Drone,1,"{""x"":402.848,""y"":105.410,""w"":34.620,""h"":31.693,""label_file"":""Data/Video_V/V_DRONE_002_LABELS.mat""}",stratified class=DRONE; modality=V; unique source video; valid non-edge trajectory frame,https://github.com/DroneDetectionThesis/Drone-detection-dataset
S0086,DS-SVANSTROM,V_DRONE_094,V_DRONE_094,V_DRONE_094,237,7.900000,frames/sample_0086.jpg,640,512,2,Drone,1,"{""x"":467.085,""y"":206.508,""w"":36.254,""h"":32.943,""label_file"":""Data/Video_V/V_DRONE_094_LABELS.mat""}",stratified class=DRONE; modality=V; unique source video; valid non-edge trajectory frame,https://github.com/DroneDetectionThesis/Drone-detection-dataset
S0087,DS-SVANSTROM,V_DRONE_029,V_DRONE_029,V_DRONE_029,107,3.566667,frames/sample_0087.jpg,640,512,2,Drone,1,"{""x"":354.202,""y"":269.848,""w"":33.468,""h"":24.601,""label_file"":""Data/Video_V/V_DRONE_029_LABELS.mat""}",stratified class=DRONE; modality=V; unique source video; valid non-edge trajectory frame,https://github.com/DroneDetectionThesis/Drone-detection-dataset
S0088,DS-SVANSTROM,IR_DRONE_087,IR_DRONE_087,IR_DRONE_087,70,2.333333,frames/sample_0088.jpg,320,256,2,Drone,1,"{""x"":83.201,""y"":106.083,""w"":16.362,""h"":12.276,""label_file"":""Data/Video_IR/IR_DRONE_087_LABELS.mat""}",stratified class=DRONE; modality=IR; unique source video; valid non-edge trajectory frame,https://github.com/DroneDetectionThesis/Drone-detection-dataset
S0089,DS-SVANSTROM,V_DRONE_098,V_DRONE_098,V_DRONE_098,206,6.866667,frames/sample_0089.jpg,640,512,2,Drone,1,"{""x"":187.368,""y"":273.026,""w"":30.214,""h"":23.307,""label_file"":""Data/Video_V/V_DRONE_098_LABELS.mat""}",stratified class=DRONE; modality=V; unique source video; valid non-edge trajectory frame,https://github.com/DroneDetectionThesis/Drone-detection-dataset
S0090,DS-SVANSTROM,IR_AIRPLANE_011,IR_AIRPLANE_011,IR_AIRPLANE_011,146,4.866667,frames/sample_0090.jpg,320,256,0,Airplane,1,"{""x"":172.241,""y"":163.352,""w"":15.454,""h"":10.787,""label_file"":""Data/Video_IR/IR_AIRPLANE_011_LABELS.mat""}",stratified class=AIRPLANE; modality=IR; unique source video; valid non-edge trajectory frame,https://github.com/DroneDetectionThesis/Drone-detection-dataset
S0091,DS-SVANSTROM,IR_DRONE_032,IR_DRONE_032,IR_DRONE_032,160,5.333333,frames/sample_0091.jpg,320,256,2,Drone,1,"{""x"":202.064,""y"":35.479,""w"":16.872,""h"":9.952,""label_file"":""Data/Video_IR/IR_DRONE_032_LABELS.mat""}",stratified class=DRONE; modality=IR; unique source video; valid non-edge trajectory frame,https://github.com/DroneDetectionThesis/Drone-detection-dataset
S0092,DS-SVANSTROM,V_AIRPLANE_015,V_AIRPLANE_015,V_AIRPLANE_015,144,4.800000,frames/sample_0092.jpg,640,512,0,Airplane,1,"{""x"":226.431,""y"":269.902,""w"":21.000,""h"":16.098,""label_file"":""Data/Video_V/V_AIRPLANE_015_LABELS.mat""}",stratified class=AIRPLANE; modality=V; unique source video; valid non-edge trajectory frame,https://github.com/DroneDetectionThesis/Drone-detection-dataset
S0093,DS-SVANSTROM,IR_DRONE_015,IR_DRONE_015,IR_DRONE_015,110,3.666667,frames/sample_0093.jpg,320,256,2,Drone,1,"{""x"":181.257,""y"":55.700,""w"":15.600,""h"":11.963,""label_file"":""Data/Video_IR/IR_DRONE_015_LABELS.mat""}",stratified class=DRONE; modality=IR; unique source video; valid non-edge trajectory frame,https://github.com/DroneDetectionThesis/Drone-detection-dataset
S0094,DS-SVANSTROM,IR_BIRD_023,IR_BIRD_023,IR_BIRD_023,103,3.433333,frames/sample_0094.jpg,320,256,1,Bird,1,"{""x"":137.000,""y"":130.000,""w"":11.000,""h"":10.000,""label_file"":""Data/Video_IR/IR_BIRD_023_LABELS.mat""}",stratified class=BIRD; modality=IR; unique source video; valid non-edge trajectory frame,https://github.com/DroneDetectionThesis/Drone-detection-dataset
S0095,DS-SVANSTROM,IR_BIRD_002,IR_BIRD_002,IR_BIRD_002,75,2.500000,frames/sample_0095.jpg,320,256,1,Bird,1,"{""x"":127.727,""y"":121.545,""w"":11.000,""h"":11.091,""label_file"":""Data/Video_IR/IR_BIRD_002_LABELS.mat""}",stratified class=BIRD; modality=IR; unique source video; valid non-edge trajectory frame,https://github.com/DroneDetectionThesis/Drone-detection-dataset
S0096,DS-SVANSTROM,V_DRONE_001,V_DRONE_001,V_DRONE_001,76,2.533333,frames/sample_0096.jpg,640,512,2,Drone,1,"{""x"":269.217,""y"":221.848,""w"":85.926,""h"":40.260,""label_file"":""Data/Video_V/V_DRONE_001_LABELS.mat""}",stratified class=DRONE; modality=V; unique source video; valid non-edge trajectory frame,https://github.com/DroneDetectionThesis/Drone-detection-dataset
S0097,DS-SVANSTROM,IR_AIRPLANE_057,IR_AIRPLANE_057,IR_AIRPLANE_057,139,4.633333,frames/sample_0097.jpg,320,256,0,Airplane,1,"{""x"":131.963,""y"":95.994,""w"":13.137,""h"":10.000,""label_file"":""Data/Video_IR/IR_AIRPLANE_057_LABELS.mat""}",stratified class=AIRPLANE; modality=IR; unique source video; valid non-edge trajectory frame,https://github.com/DroneDetectionThesis/Drone-detection-dataset
S0098,DS-SVANSTROM,IR_HELICOPTER_038,IR_HELICOPTER_038,IR_HELICOPTER_038,223,7.433333,frames/sample_0098.jpg,320,256,3,Helicopter,1,"{""x"":149.708,""y"":127.708,""w"":26.810,""h"":14.938,""label_file"":""Data/Video_IR/IR_HELICOPTER_038_LABELS.mat""}",stratified class=HELICOPTER; modality=IR; unique source video; valid non-edge trajectory frame,https://github.com/DroneDetectionThesis/Drone-detection-dataset
S0099,DS-SVANSTROM,IR_BIRD_004,IR_BIRD_004,IR_BIRD_004,67,2.233333,frames/sample_0099.jpg,320,256,1,Bird,1,"{""x"":71.625,""y"":112.437,""w"":16.625,""h"":13.625,""label_file"":""Data/Video_IR/IR_BIRD_004_LABELS.mat""}",stratified class=BIRD; modality=IR; unique source video; valid non-edge trajectory frame,https://github.com/DroneDetectionThesis/Drone-detection-dataset
S0100,DS-SVANSTROM,IR_DRONE_128,IR_DRONE_128,IR_DRONE_128,106,3.533333,frames/sample_0100.jpg,320,256,2,Drone,1,"{""x"":148.312,""y"":102.788,""w"":34.790,""h"":17.688,""label_file"":""Data/Video_IR/IR_DRONE_128_LABELS.mat""}",stratified class=DRONE; modality=IR; unique source video; valid non-edge trajectory frame,https://github.com/DroneDetectionThesis/Drone-detection-dataset
