resource_id,kind,url,retrieved_date,version_or_commit,filename_or_location,checksum,license,purpose,download_method,status,manual_download_url,manual_instructions,notes
RES-001,paper,https://arxiv.org/abs/2206.14651,2026-10-03,arXiv v2,BoT-SORT/2206.14651v2.pdf,UNKNOWN,Paper copyright,BoT-SORT survey,Auto,local-existing,N/A,N/A,No duplicate download.
RES-002,source_code,https://github.com/NirAharon/BoT-SORT,2026-10-03,local checkout commit UNKNOWN,BoT-SORT/BoT-SORT-main/BoT-SORT-main,UNKNOWN,MIT,BoT-SORT interface/dependencies survey,Auto,local-existing,N/A,N/A,README and LICENSE inspected.
RES-003,paper,https://arxiv.org/abs/2110.06864,2026-10-03,arXiv v3,ByteTrack Multi-Object Tracking by Associating Every Detection Box/ByteTrack Multi-Object Tracking by Associating Every Detection Box-with-annotations.pdf,UNKNOWN,Paper copyright,ByteTrack survey,Auto,local-existing,N/A,N/A,No duplicate download.
RES-004,source_code,https://github.com/FoundationVision/ByteTrack,2026-10-03,6b5be59,ByteTrack Multi-Object Tracking by Associating Every Detection Box/ByteTrack-main/ByteTrack-main,UNKNOWN,MIT,ByteTrack interface/dependencies survey,Auto,local-existing,N/A,N/A,Local origin predates redirect but is official lineage.
RES-005,paper,https://arxiv.org/abs/2304.08069,2026-10-03,CVPR 2024,RT-DETR/Zhao_DETRs_Beat_YOLOs_on_Real-time_Object_Detection_CVPR_2024_paper.pdf,UNKNOWN,Paper copyright,RT-DETR survey,Auto,local-existing,N/A,N/A,No duplicate download.
RES-006,source_code,https://github.com/lyuwenyu/RT-DETR,2026-10-03,local checkout commit UNKNOWN,RT-DETR/RT-DETR-main/RT-DETR-main,UNKNOWN,Apache-2.0,RT-DETR survey,Auto,local-existing,N/A,N/A,README and LICENSE inspected.
RES-007,paper,https://arxiv.org/abs/1804.00518,2026-10-03,arXiv v1,Unmanned Aerial Vehicle Benchmark/1804.00518v1.pdf,UNKNOWN,Paper copyright,UAVDT methodological reference,Auto,local-existing,N/A,N/A,Not a primary target-UAV dataset.
RES-008,paper,https://openaccess.thecvf.com/content/ICCV2021W/VisDrone/html/Cao_VisDrone-DET2021_The_Vision_Meets_Drone_Object_Detection_Challenge_Results_ICCVW_2021_paper.html,2026-10-03,ICCVW 2021,Cao_VisDrone-DET2021_The_Vision_Meets_Drone_Object_Detection_Challenge_Results_ICCVW_2021_paper.pdf,UNKNOWN,Paper copyright,small-object reference,Auto,local-existing,N/A,N/A,No duplicate download.
RES-009,paper,https://openaccess.thecvf.com/content/ICCV2021W/VisDrone/papers/Chen_VisDrone-MOT2021_The_Vision_Meets_Drone_Multiple_Object_Tracking_Challenge_Results_ICCVW_2021_paper.pdf,2026-10-03,ICCVW 2021,Chen_VisDrone-MOT2021_The_Vision_Meets_Drone_Multiple_Object_Tracking_Challenge_Results_ICCVW_2021_paper.pdf,UNKNOWN,Paper copyright,MOT reference,Auto,local-existing,N/A,N/A,No duplicate download.
RES-010,dataset,https://github.com/DroneDetectionThesis/Drone-detection-dataset,2026-10-04,master archive manually downloaded,resources/datasets/svanstrom-drone-detection-dataset/Drone-detection-dataset-master,"file inventory SHA256=96034D2D48047E0152DD3D3866D35BBD68D0BFA13D2ED4F8A2A83797AF4EB9A3; workbook SHA256=0544022AE732A6B088AF4B6555A18C53A9364C2C02721D38E30D73AF1C684CAB",CC0-1.0,primary-data inspection and 100 frames,Manual,downloaded-verified,https://github.com/DroneDetectionThesis/Drone-detection-dataset/archive/refs/heads/master.zip,"Manually downloaded and inspected with inspect_dataset.py",650 video/label pairs and 203328 readable frames verified.
RES-011,python-package,https://pypi.org/project/mcos-decoder/,2026-10-04,0.1.0,resources/python_deps/mcos_decoder,UNKNOWN,See PyPI,read MATLAB MCOS labels,Auto,installed-verified,https://pypi.org/project/mcos-decoder/,Installed with local SciPy and OpenCV dependencies,Decoded 650 label files successfully.
